PRAGMA foreign_keys=OFF;
BEGIN TRANSACTION;
CREATE TABLE IF NOT EXISTS "django_migrations" ("id" integer NOT NULL PRIMARY KEY AUTOINCREMENT, "app" varchar(255) NOT NULL, "name" varchar(255) NOT NULL, "applied" datetime NOT NULL);
INSERT INTO django_migrations VALUES(1,'contenttypes','0001_initial','2023-10-16 15:15:54.236694');
INSERT INTO django_migrations VALUES(2,'contenttypes','0002_remove_content_type_name','2023-10-16 15:15:54.244271');
INSERT INTO django_migrations VALUES(3,'auth','0001_initial','2023-10-16 15:15:54.257905');
INSERT INTO django_migrations VALUES(4,'auth','0002_alter_permission_name_max_length','2023-10-16 15:15:54.264397');
INSERT INTO django_migrations VALUES(5,'auth','0003_alter_user_email_max_length','2023-10-16 15:15:54.272011');
INSERT INTO django_migrations VALUES(6,'auth','0004_alter_user_username_opts','2023-10-16 15:15:54.277690');
INSERT INTO django_migrations VALUES(7,'auth','0005_alter_user_last_login_null','2023-10-16 15:15:54.283127');
INSERT INTO django_migrations VALUES(8,'auth','0006_require_contenttypes_0002','2023-10-16 15:15:54.286675');
INSERT INTO django_migrations VALUES(9,'auth','0007_alter_validators_add_error_messages','2023-10-16 15:15:54.292952');
INSERT INTO django_migrations VALUES(10,'auth','0008_alter_user_username_max_length','2023-10-16 15:15:54.298702');
INSERT INTO django_migrations VALUES(11,'auth','0009_alter_user_last_name_max_length','2023-10-16 15:15:54.305877');
INSERT INTO django_migrations VALUES(12,'auth','0010_alter_group_name_max_length','2023-10-16 15:15:54.311918');
INSERT INTO django_migrations VALUES(13,'auth','0011_update_proxy_permissions','2023-10-16 15:15:54.317738');
INSERT INTO django_migrations VALUES(14,'auth','0012_alter_user_first_name_max_length','2023-10-16 15:15:54.324998');
INSERT INTO django_migrations VALUES(15,'Auth','0001_initial','2023-10-16 15:15:54.336260');
INSERT INTO django_migrations VALUES(16,'Auth','0002_remove_user_occupation','2023-10-16 15:15:54.345115');
INSERT INTO django_migrations VALUES(17,'admin','0001_initial','2023-10-16 15:15:54.357959');
INSERT INTO django_migrations VALUES(18,'admin','0002_logentry_remove_auto_add','2023-10-16 15:15:54.369269');
INSERT INTO django_migrations VALUES(19,'admin','0003_logentry_add_action_flag_choices','2023-10-16 15:15:54.376683');
INSERT INTO django_migrations VALUES(20,'sessions','0001_initial','2023-10-16 15:15:54.384735');
INSERT INTO django_migrations VALUES(21,'tascrum','0001_initial','2023-10-16 15:15:54.396160');
INSERT INTO django_migrations VALUES(22,'tascrum','0002_board_memberworkspacerole_alter_member_bio_and_more','2023-10-16 15:15:54.474673');
INSERT INTO django_migrations VALUES(23,'tascrum','0003_remove_board_members_remove_workspace_members','2023-10-16 15:15:54.491965');
INSERT INTO django_migrations VALUES(24,'tascrum','0004_board_members_workspace_members','2023-10-16 15:15:54.512730');
INSERT INTO django_migrations VALUES(25,'tascrum','0005_remove_memberboardrole_board_and_more','2023-10-16 15:15:54.539190');
INSERT INTO django_migrations VALUES(26,'tascrum','0006_board_memberboardrole_board_members_board_workspace','2023-10-16 15:15:54.571405');
INSERT INTO django_migrations VALUES(27,'tascrum','0007_alter_board_workspace_alter_memberboardrole_board_and_more','2023-10-16 15:27:30.451880');
INSERT INTO django_migrations VALUES(28,'tascrum','0008_list','2023-10-16 15:31:05.103670');
INSERT INTO django_migrations VALUES(29,'tascrum','0009_card_membercardrole_card_members','2023-10-16 16:21:02.250740');
INSERT INTO django_migrations VALUES(30,'tascrum','0010_rename_list_card_list','2023-10-16 16:25:48.136662');
CREATE TABLE IF NOT EXISTS "django_content_type" ("id" integer NOT NULL PRIMARY KEY AUTOINCREMENT, "app_label" varchar(100) NOT NULL, "model" varchar(100) NOT NULL);
INSERT INTO django_content_type VALUES(1,'admin','logentry');
INSERT INTO django_content_type VALUES(2,'auth','permission');
INSERT INTO django_content_type VALUES(3,'auth','group');
INSERT INTO django_content_type VALUES(4,'contenttypes','contenttype');
INSERT INTO django_content_type VALUES(5,'sessions','session');
INSERT INTO django_content_type VALUES(6,'Auth','user');
INSERT INTO django_content_type VALUES(7,'tascrum','workspace');
INSERT INTO django_content_type VALUES(8,'tascrum','board');
INSERT INTO django_content_type VALUES(9,'tascrum','memberboardrole');
INSERT INTO django_content_type VALUES(10,'tascrum','member');
INSERT INTO django_content_type VALUES(11,'tascrum','memberworkspacerole');
INSERT INTO django_content_type VALUES(12,'tascrum','list');
INSERT INTO django_content_type VALUES(13,'tascrum','card');
INSERT INTO django_content_type VALUES(14,'tascrum','membercardrole');
CREATE TABLE IF NOT EXISTS "auth_group_permissions" ("id" integer NOT NULL PRIMARY KEY AUTOINCREMENT, "group_id" integer NOT NULL REFERENCES "auth_group" ("id") DEFERRABLE INITIALLY DEFERRED, "permission_id" integer NOT NULL REFERENCES "auth_permission" ("id") DEFERRABLE INITIALLY DEFERRED);
CREATE TABLE IF NOT EXISTS "auth_permission" ("id" integer NOT NULL PRIMARY KEY AUTOINCREMENT, "content_type_id" integer NOT NULL REFERENCES "django_content_type" ("id") DEFERRABLE INITIALLY DEFERRED, "codename" varchar(100) NOT NULL, "name" varchar(255) NOT NULL);
INSERT INTO auth_permission VALUES(1,1,'add_logentry','Can add log entry');
INSERT INTO auth_permission VALUES(2,1,'change_logentry','Can change log entry');
INSERT INTO auth_permission VALUES(3,1,'delete_logentry','Can delete log entry');
INSERT INTO auth_permission VALUES(4,1,'view_logentry','Can view log entry');
INSERT INTO auth_permission VALUES(5,2,'add_permission','Can add permission');
INSERT INTO auth_permission VALUES(6,2,'change_permission','Can change permission');
INSERT INTO auth_permission VALUES(7,2,'delete_permission','Can delete permission');
INSERT INTO auth_permission VALUES(8,2,'view_permission','Can view permission');
INSERT INTO auth_permission VALUES(9,3,'add_group','Can add group');
INSERT INTO auth_permission VALUES(10,3,'change_group','Can change group');
INSERT INTO auth_permission VALUES(11,3,'delete_group','Can delete group');
INSERT INTO auth_permission VALUES(12,3,'view_group','Can view group');
INSERT INTO auth_permission VALUES(13,4,'add_contenttype','Can add content type');
INSERT INTO auth_permission VALUES(14,4,'change_contenttype','Can change content type');
INSERT INTO auth_permission VALUES(15,4,'delete_contenttype','Can delete content type');
INSERT INTO auth_permission VALUES(16,4,'view_contenttype','Can view content type');
INSERT INTO auth_permission VALUES(17,5,'add_session','Can add session');
INSERT INTO auth_permission VALUES(18,5,'change_session','Can change session');
INSERT INTO auth_permission VALUES(19,5,'delete_session','Can delete session');
INSERT INTO auth_permission VALUES(20,5,'view_session','Can view session');
INSERT INTO auth_permission VALUES(21,6,'add_user','Can add user');
INSERT INTO auth_permission VALUES(22,6,'change_user','Can change user');
INSERT INTO auth_permission VALUES(23,6,'delete_user','Can delete user');
INSERT INTO auth_permission VALUES(24,6,'view_user','Can view user');
INSERT INTO auth_permission VALUES(25,7,'add_workspace','Can add workspace');
INSERT INTO auth_permission VALUES(26,7,'change_workspace','Can change workspace');
INSERT INTO auth_permission VALUES(27,7,'delete_workspace','Can delete workspace');
INSERT INTO auth_permission VALUES(28,7,'view_workspace','Can view workspace');
INSERT INTO auth_permission VALUES(29,8,'add_board','Can add board');
INSERT INTO auth_permission VALUES(30,8,'change_board','Can change board');
INSERT INTO auth_permission VALUES(31,8,'delete_board','Can delete board');
INSERT INTO auth_permission VALUES(32,8,'view_board','Can view board');
INSERT INTO auth_permission VALUES(33,9,'add_memberboardrole','Can add member board role');
INSERT INTO auth_permission VALUES(34,9,'change_memberboardrole','Can change member board role');
INSERT INTO auth_permission VALUES(35,9,'delete_memberboardrole','Can delete member board role');
INSERT INTO auth_permission VALUES(36,9,'view_memberboardrole','Can view member board role');
INSERT INTO auth_permission VALUES(37,10,'add_member','Can add member');
INSERT INTO auth_permission VALUES(38,10,'change_member','Can change member');
INSERT INTO auth_permission VALUES(39,10,'delete_member','Can delete member');
INSERT INTO auth_permission VALUES(40,10,'view_member','Can view member');
INSERT INTO auth_permission VALUES(41,11,'add_memberworkspacerole','Can add member workspace role');
INSERT INTO auth_permission VALUES(42,11,'change_memberworkspacerole','Can change member workspace role');
INSERT INTO auth_permission VALUES(43,11,'delete_memberworkspacerole','Can delete member workspace role');
INSERT INTO auth_permission VALUES(44,11,'view_memberworkspacerole','Can view member workspace role');
INSERT INTO auth_permission VALUES(45,12,'add_list','Can add list');
INSERT INTO auth_permission VALUES(46,12,'change_list','Can change list');
INSERT INTO auth_permission VALUES(47,12,'delete_list','Can delete list');
INSERT INTO auth_permission VALUES(48,12,'view_list','Can view list');
INSERT INTO auth_permission VALUES(49,13,'add_card','Can add card');
INSERT INTO auth_permission VALUES(50,13,'change_card','Can change card');
INSERT INTO auth_permission VALUES(51,13,'delete_card','Can delete card');
INSERT INTO auth_permission VALUES(52,13,'view_card','Can view card');
INSERT INTO auth_permission VALUES(53,14,'add_membercardrole','Can add member card role');
INSERT INTO auth_permission VALUES(54,14,'change_membercardrole','Can change member card role');
INSERT INTO auth_permission VALUES(55,14,'delete_membercardrole','Can delete member card role');
INSERT INTO auth_permission VALUES(56,14,'view_membercardrole','Can view member card role');
CREATE TABLE IF NOT EXISTS "auth_group" ("id" integer NOT NULL PRIMARY KEY AUTOINCREMENT, "name" varchar(150) NOT NULL UNIQUE);
CREATE TABLE IF NOT EXISTS "Auth_user" ("id" integer NOT NULL PRIMARY KEY AUTOINCREMENT, "password" varchar(128) NOT NULL, "last_login" datetime NULL, "is_superuser" bool NOT NULL, "is_staff" bool NOT NULL, "is_active" bool NOT NULL, "date_joined" datetime NOT NULL, "first_name" varchar(20) NOT NULL, "last_name" varchar(20) NOT NULL, "email" varchar(254) NOT NULL UNIQUE, "username" varchar(20) NULL UNIQUE);
INSERT INTO Auth_user VALUES(1,'pbkdf2_sha256$600000$NXwSe4YVSpfYnVkgDPM4Dj$ZcUzZYYFrIoSW5BbROlPo/L88ZIf+cnCp+X0R5FAIIM=',NULL,0,0,1,'2023-10-16 15:37:04.507361','amir mohammad','komijani2','barb1@domain.com','amir_komijani');
INSERT INTO Auth_user VALUES(2,'pbkdf2_sha256$600000$qwNWCx37UCvjg1A8QOspM7$ZAczSX5qrkMdpnNdivxNQv1H/OIIuLHtuJ+sunRwAfY=',NULL,0,0,1,'2023-10-16 15:42:43.499526','amir mohammad2','komijani3','barb2@domain.com','amir_komijaniw');
CREATE TABLE IF NOT EXISTS "Auth_user_groups" ("id" integer NOT NULL PRIMARY KEY AUTOINCREMENT, "user_id" bigint NOT NULL REFERENCES "Auth_user" ("id") DEFERRABLE INITIALLY DEFERRED, "group_id" integer NOT NULL REFERENCES "auth_group" ("id") DEFERRABLE INITIALLY DEFERRED);
CREATE TABLE IF NOT EXISTS "Auth_user_user_permissions" ("id" integer NOT NULL PRIMARY KEY AUTOINCREMENT, "user_id" bigint NOT NULL REFERENCES "Auth_user" ("id") DEFERRABLE INITIALLY DEFERRED, "permission_id" integer NOT NULL REFERENCES "auth_permission" ("id") DEFERRABLE INITIALLY DEFERRED);
CREATE TABLE IF NOT EXISTS "django_admin_log" ("id" integer NOT NULL PRIMARY KEY AUTOINCREMENT, "object_id" text NULL, "object_repr" varchar(200) NOT NULL, "action_flag" smallint unsigned NOT NULL CHECK ("action_flag" >= 0), "change_message" text NOT NULL, "content_type_id" integer NULL REFERENCES "django_content_type" ("id") DEFERRABLE INITIALLY DEFERRED, "user_id" bigint NOT NULL REFERENCES "Auth_user" ("id") DEFERRABLE INITIALLY DEFERRED, "action_time" datetime NOT NULL);
CREATE TABLE IF NOT EXISTS "django_session" ("session_key" varchar(40) NOT NULL PRIMARY KEY, "session_data" text NOT NULL, "expire_date" datetime NOT NULL);
CREATE TABLE IF NOT EXISTS "tascrum_member" ("id" integer NOT NULL PRIMARY KEY AUTOINCREMENT, "occupations" varchar(255) NOT NULL, "bio" text NULL, "birthdate" date NULL, "user_id" bigint NOT NULL REFERENCES "Auth_user" ("id") DEFERRABLE INITIALLY DEFERRED, "profimage" varchar(100) NULL);
INSERT INTO tascrum_member VALUES(1,'',NULL,NULL,1,'default_profile.png');
INSERT INTO tascrum_member VALUES(2,'',NULL,NULL,2,'default_profile.png');
CREATE TABLE IF NOT EXISTS "tascrum_memberworkspacerole" ("id" integer NOT NULL PRIMARY KEY AUTOINCREMENT, "role" varchar(50) NOT NULL, "member_id" bigint NOT NULL REFERENCES "tascrum_member" ("id") DEFERRABLE INITIALLY DEFERRED, "workspace_id" bigint NOT NULL REFERENCES "tascrum_workspace" ("id") DEFERRABLE INITIALLY DEFERRED);
INSERT INTO tascrum_memberworkspacerole VALUES(1,'Owner',1,1);
INSERT INTO tascrum_memberworkspacerole VALUES(2,'Owner',1,2);
INSERT INTO tascrum_memberworkspacerole VALUES(3,'Owner',2,3);
INSERT INTO tascrum_memberworkspacerole VALUES(4,'Owner',2,4);
CREATE TABLE IF NOT EXISTS "tascrum_workspace" ("id" integer NOT NULL PRIMARY KEY AUTOINCREMENT, "name" varchar(255) NULL, "type" varchar(20) NOT NULL, "description" text NULL);
INSERT INTO tascrum_workspace VALUES(1,'user1 workspace1','small business','workspace1');
INSERT INTO tascrum_workspace VALUES(2,'user1 workspace2','human resources','workspace2');
INSERT INTO tascrum_workspace VALUES(3,'user2 workspace1','marketing','workspace1 for user2');
INSERT INTO tascrum_workspace VALUES(4,'user2 workspace2','engineering','workspace2 for user2');
CREATE TABLE IF NOT EXISTS "tascrum_memberboardrole" ("id" integer NOT NULL PRIMARY KEY AUTOINCREMENT, "role" varchar(50) NOT NULL, "board_id" bigint NOT NULL REFERENCES "tascrum_board" ("id") DEFERRABLE INITIALLY DEFERRED, "member_id" bigint NOT NULL REFERENCES "tascrum_member" ("id") DEFERRABLE INITIALLY DEFERRED);
INSERT INTO tascrum_memberboardrole VALUES(1,'Owner',1,1);
INSERT INTO tascrum_memberboardrole VALUES(2,'Owner',2,1);
INSERT INTO tascrum_memberboardrole VALUES(3,'Owner',3,1);
INSERT INTO tascrum_memberboardrole VALUES(4,'Owner',4,2);
INSERT INTO tascrum_memberboardrole VALUES(5,'Owner',5,2);
INSERT INTO tascrum_memberboardrole VALUES(6,'Owner',6,2);
CREATE TABLE IF NOT EXISTS "tascrum_board" ("id" integer NOT NULL PRIMARY KEY AUTOINCREMENT, "title" varchar(255) NOT NULL, "workspace_id" bigint NOT NULL REFERENCES "tascrum_workspace" ("id") DEFERRABLE INITIALLY DEFERRED);
INSERT INTO tascrum_board VALUES(1,'workspace1 board1',1);
INSERT INTO tascrum_board VALUES(2,'workspace2 board1',2);
INSERT INTO tascrum_board VALUES(3,'workspace1 board2',1);
INSERT INTO tascrum_board VALUES(4,'workspace3 board1',3);
INSERT INTO tascrum_board VALUES(5,'workspace4 board1',4);
INSERT INTO tascrum_board VALUES(6,'workspace4 board2',4);
CREATE TABLE IF NOT EXISTS "tascrum_list" ("id" integer NOT NULL PRIMARY KEY AUTOINCREMENT, "title" varchar(255) NOT NULL, "board_id" bigint NOT NULL REFERENCES "tascrum_board" ("id") DEFERRABLE INITIALLY DEFERRED);
INSERT INTO tascrum_list VALUES(1,'List1 board5',5);
INSERT INTO tascrum_list VALUES(2,'List1 board4',4);
INSERT INTO tascrum_list VALUES(3,'List2 board4_change',4);
CREATE TABLE IF NOT EXISTS "tascrum_membercardrole" ("id" integer NOT NULL PRIMARY KEY AUTOINCREMENT, "role" varchar(50) NOT NULL, "card_id" bigint NOT NULL REFERENCES "tascrum_card" ("id") DEFERRABLE INITIALLY DEFERRED, "member_id" bigint NOT NULL REFERENCES "tascrum_member" ("id") DEFERRABLE INITIALLY DEFERRED);
INSERT INTO tascrum_membercardrole VALUES(1,'Owner',1,2);
INSERT INTO tascrum_membercardrole VALUES(3,'Owner',3,2);
INSERT INTO tascrum_membercardrole VALUES(4,'assigned',4,2);
INSERT INTO tascrum_membercardrole VALUES(6,'assigned',6,2);
CREATE TABLE IF NOT EXISTS "tascrum_card" ("id" integer NOT NULL PRIMARY KEY AUTOINCREMENT, "title" varchar(255) NOT NULL, "list_id" bigint NOT NULL REFERENCES "tascrum_list" ("id") DEFERRABLE INITIALLY DEFERRED);
INSERT INTO tascrum_card VALUES(1,'card 1 list 2',2);
INSERT INTO tascrum_card VALUES(3,'card 1 list 3',3);
INSERT INTO tascrum_card VALUES(4,'card 2 list 3',3);
INSERT INTO tascrum_card VALUES(6,'card 2 list 2',2);
DELETE FROM sqlite_sequence;
INSERT INTO sqlite_sequence VALUES('django_migrations',30);
INSERT INTO sqlite_sequence VALUES('django_content_type',14);
INSERT INTO sqlite_sequence VALUES('auth_permission',56);
INSERT INTO sqlite_sequence VALUES('auth_group',0);
INSERT INTO sqlite_sequence VALUES('django_admin_log',0);
INSERT INTO sqlite_sequence VALUES('tascrum_member',2);
INSERT INTO sqlite_sequence VALUES('tascrum_memberworkspacerole',4);
INSERT INTO sqlite_sequence VALUES('tascrum_workspace',4);
INSERT INTO sqlite_sequence VALUES('tascrum_board',6);
INSERT INTO sqlite_sequence VALUES('Auth_user',2);
INSERT INTO sqlite_sequence VALUES('tascrum_memberboardrole',6);
INSERT INTO sqlite_sequence VALUES('tascrum_list',3);
INSERT INTO sqlite_sequence VALUES('tascrum_card',6);
INSERT INTO sqlite_sequence VALUES('tascrum_membercardrole',6);
CREATE UNIQUE INDEX "django_content_type_app_label_model_76bd3d3b_uniq" ON "django_content_type" ("app_label", "model");
CREATE UNIQUE INDEX "auth_group_permissions_group_id_permission_id_0cd325b0_uniq" ON "auth_group_permissions" ("group_id", "permission_id");
CREATE INDEX "auth_group_permissions_group_id_b120cbf9" ON "auth_group_permissions" ("group_id");
CREATE INDEX "auth_group_permissions_permission_id_84c5c92e" ON "auth_group_permissions" ("permission_id");
CREATE UNIQUE INDEX "auth_permission_content_type_id_codename_01ab375a_uniq" ON "auth_permission" ("content_type_id", "codename");
CREATE INDEX "auth_permission_content_type_id_2f476e4b" ON "auth_permission" ("content_type_id");
CREATE UNIQUE INDEX "Auth_user_groups_user_id_group_id_921b23aa_uniq" ON "Auth_user_groups" ("user_id", "group_id");
CREATE INDEX "Auth_user_groups_user_id_851066aa" ON "Auth_user_groups" ("user_id");
CREATE INDEX "Auth_user_groups_group_id_7f08c832" ON "Auth_user_groups" ("group_id");
CREATE UNIQUE INDEX "Auth_user_user_permissions_user_id_permission_id_26a4eb17_uniq" ON "Auth_user_user_permissions" ("user_id", "permission_id");
CREATE INDEX "Auth_user_user_permissions_user_id_36d68527" ON "Auth_user_user_permissions" ("user_id");
CREATE INDEX "Auth_user_user_permissions_permission_id_1375db89" ON "Auth_user_user_permissions" ("permission_id");
CREATE INDEX "django_admin_log_content_type_id_c4bce8eb" ON "django_admin_log" ("content_type_id");
CREATE INDEX "django_admin_log_user_id_c564eba6" ON "django_admin_log" ("user_id");
CREATE INDEX "django_session_expire_date_a5c62663" ON "django_session" ("expire_date");
CREATE INDEX "tascrum_member_user_id_bcd1c4a2" ON "tascrum_member" ("user_id");
CREATE INDEX "tascrum_memberworkspacerole_member_id_8b26e5f3" ON "tascrum_memberworkspacerole" ("member_id");
CREATE INDEX "tascrum_memberworkspacerole_workspace_id_cd87f8f1" ON "tascrum_memberworkspacerole" ("workspace_id");
CREATE INDEX "tascrum_memberboardrole_board_id_f2e2e061" ON "tascrum_memberboardrole" ("board_id");
CREATE INDEX "tascrum_memberboardrole_member_id_910d27ca" ON "tascrum_memberboardrole" ("member_id");
CREATE INDEX "tascrum_board_workspace_id_92911111" ON "tascrum_board" ("workspace_id");
CREATE INDEX "tascrum_list_board_id_0ae082e2" ON "tascrum_list" ("board_id");
CREATE INDEX "tascrum_membercardrole_card_id_4fcede97" ON "tascrum_membercardrole" ("card_id");
CREATE INDEX "tascrum_membercardrole_member_id_6d816a48" ON "tascrum_membercardrole" ("member_id");
CREATE INDEX "tascrum_card_list_id_9e2a26c9" ON "tascrum_card" ("list_id");
COMMIT;
